Workbook

Sheet Criba
A1: Nivel | B1: Nº | C1: Obra | D1: Título en español | E1: Autor | F1: Año | G1: Tipo | H1: Género | I1: Estación | J1: Por qué está aquí | K1: ¿Nos lo quedamos? | L1: Vicen | M1: Andrea
A2: 1 · Imprescindible | B2: 1 | C2: 1984 | E2: George Orwell | F2: 1949 | G2: Novela | H2: Distopía | I2: Invierno | J2: Canon: obra clave de la literatura | K2: Sí | L2: Leído | M2: Leído
A3: 1 · Imprescindible | B3: 6 | C3: A Confederacy of Dunces | D3: La conjura de los necios | E3: John Kennedy Toole | F3: 1980 | G3: Novela | H3: Comedia / sátira | I3: Verano | J3: Canon: obra clave de la literatura | L3: Leído
A4: 1 · Imprescindible | B4: 13 | C4: A Room of One's Own | D4: Una habitación propia | E4: Virginia Woolf | F4: 1929 | G4: Ensayo | H4: Ensayo feminista | I4: Otoño | J4: Canon: obra clave de la literatura | K4: Sí | L4: Leído | M4: Pendiente · en casa
A5: 1 · Imprescindible | B5: 22 | C5: Anna Karenina | D5: Ana Karenina | E5: León Tolstói | F5: 1878 | G5: Novela | H5: Clásico / drama romántico | I5: Invierno | J5: Canon: obra clave de la literatura | K5: Sí | L5: Pendiente · le interesa | M5: Pendiente · le interesa
A6: 1 · Imprescindible | B6: 25 | C6: As I Lay Dying | D6: Mientras agonizo | E6: William Faulkner | F6: 1930 | G6: Novela | H6: Modernismo / gótico sureño | I6: Verano | J6: Canon: obra clave de la literatura
A7: 1 · Imprescindible | B7: 32 | C7: Beloved | E7: Toni Morrison | F7: 1987 | G7: Novela | H7: Histórica / gótico | I7: Invierno | J7: Canon: obra clave de la literatura
A8: 1 · Imprescindible | B8: 35 | C8: Brave New World | D8: Un mundo feliz | E8: Aldous Huxley | F8: 1932 | G8: Novela | H8: Distopía | I8: Primavera | J8: Canon: obra clave de la literatura | K8: Sí | L8: Leído | M8: Pendiente · le interesa
A9: 1 · Imprescindible | B9: 38 | C9: Candide | D9: Cándido, o el optimismo | E9: Voltaire | F9: 1759 | G9: Novela | H9: Sátira filosófica | I9: Primavera | J9: Canon: obra clave de la literatura
A10: 1 · Imprescindible | B10: 40 | C10: Catch-22 | D10: Trampa 22 | E10: Joseph Heller | F10: 1961 | G10: Novela | H10: Sátira bélica | I10: Verano | J10: Canon: obra clave de la literatura
A11: 1 · Imprescindible | B11: 47 | C11: Crime and Punishment | D11: Crimen y castigo | E11: Fiódor Dostoievski | F11: 1866 | G11: Novela | H11: Psicológica | I11: Verano | J11: Canon: obra clave de la literatura | K11: Sí | L11: Leyendo | M11: Leyendo
A12: 1 · Imprescindible | B12: 57 | C12: Don Quixote | D12: Don Quijote de la Mancha | E12: Miguel de Cervantes | F12: 1605–1615 | G12: Novela | H12: Clásico / parodia caballeresca | I12: Verano | J12: Obligado, y en versión original | K12: Sí | M12: Pendiente · le interesa
A13: 1 · Imprescindible | B13: 74 | C13: Fahrenheit 451 | E13: Ray Bradbury | F13: 1953 | G13: Novela | H13: Distopía / ciencia ficción | I13: Otoño | J13: Libro sobre leer libros, en clave de distopía | K13: Sí | L13: Leído | M13: Leído
A14: 1 · Imprescindible | B14: 82 | C14: Frankenstein | D14: Frankenstein o el moderno Prometeo | E14: Mary Shelley | F14: 1818 | G14: Novela | H14: Gótico / ciencia ficción | I14: Invierno | J14: Canon: obra clave de la literatura | K14: Sí | L14: Leído | M14: Leído
A15: 1 · Imprescindible | B15: 92 | C15: Great Expectations | D15: Grandes esperanzas | E15: Charles Dickens | F15: 1861 | G15: Novela | H15: Bildungsroman | I15: Invierno | J15: Canon: obra clave de la literatura | K15: Sí | L15: Leído | M15: Pendiente · le interesa
A16: 1 · Imprescindible | B16: 93 | C16: Hamlet | E16: William Shakespeare | F16: c. 1600 | G16: Teatro | H16: Tragedia | I16: Invierno | J16: Canon: obra clave de la literatura | K16: Sí | L16: Leído | M16: Pendiente · le interesa
A17: 1 · Imprescindible | B17: 98 | C17: Heart of Darkness | D17: El corazón de las tinieblas | E17: Joseph Conrad | F17: 1899 | G17: Novela corta | H17: Clásico / colonialismo | I17: Verano | J17: Canon: obra clave de la literatura
A18: 1 · Imprescindible | B18: 111 | C18: In Cold Blood | D18: A sangre fría | E18: Truman Capote | F18: 1966 | G18: No ficción | H18: True crime / novela de no ficción | I18: Otoño | J18: Canon: obra clave de la literatura | K18: Sí | M18: Pendiente · le interesa
A19: 1 · Imprescindible | B19: 116 | C19: Jane Eyre | E19: Charlotte Brontë | F19: 1847 | G19: Novela | H19: Gótico / romance | I19: Otoño | J19: Canon: obra clave de la literatura | K19: Sí | M19: Pendiente · en casa
A20: 1 · Imprescindible | B20: 128 | C20: Lord of the Flies | D20: El señor de las moscas | E20: William Golding | F20: 1954 | G20: Novela | H20: Alegoría | I20: Verano | J20: Canon: obra clave de la literatura | K20: Sí | L20: Leído | M20: Pendiente · le interesa
A21: 1 · Imprescindible | B21: 129 | C21: Macbeth | E21: William Shakespeare | F21: c. 1606 | G21: Teatro | H21: Tragedia | I21: Invierno | J21: Canon: obra clave de la literatura | K21: Sí | M21: Pendiente · le interesa
A22: 1 · Imprescindible | B22: 130 | C22: Madame Bovary | E22: Gustave Flaubert | F22: 1857 | G22: Novela | H22: Realismo | I22: Otoño | J22: Canon: obra clave de la literatura | K22: Sí | M22: Pendiente · en casa
A23: 1 · Imprescindible | B23: 137 | C23: Moby-Dick | D23: Moby Dick | E23: Herman Melville | F23: 1851 | G23: Novela | H23: Aventura / clásico | I23: Invierno | J23: Canon: obra clave de la literatura | K23: Sí | L23: Leído | M23: Pendiente · le interesa
A24: 1 · Imprescindible | B24: 140 | C24: Mrs. Dalloway | D24: La señora Dalloway | E24: Virginia Woolf | F24: 1925 | G24: Novela | H24: Modernismo | I24: Verano | J24: Canon: obra clave de la literatura | K24: Sí | M24: Pendiente · le interesa
A25: 1 · Imprescindible | B25: 150 | C25: Night | D25: La noche | E25: Elie Wiesel | F25: 1958 | G25: Memorias | H25: Memorias / Holocausto | I25: Invierno | J25: Breve y esencial
A26: 1 · Imprescindible | B26: 154 | C26: Of Mice and Men | D26: De ratones y hombres | E26: John Steinbeck | F26: 1937 | G26: Novela corta | H26: Drama | I26: Verano | J26: Breve: se lee en una tarde
A27: 1 · Imprescindible | B27: 157 | C27: One Flew Over the Cuckoo's Nest | D27: Alguien voló sobre el nido del cuco | E27: Ken Kesey | F27: 1962 | G27: Novela | H27: Drama | I27: Otoño | J27: Canon: obra clave de la literatura
A28: 1 · Imprescindible | B28: 158 | C28: One Hundred Years of Solitude | D28: Cien años de soledad | E28: Gabriel García Márquez | F28: 1967 | G28: Novela | H28: Realismo mágico | I28: Verano | J28: Canon: obra clave de la literatura | K28: Sí | L28: Leído | M28: Pendiente · le interesa
A29: 1 · Imprescindible | B29: 166 | C29: Pride and Prejudice | D29: Orgullo y prejuicio | E29: Jane Austen | F29: 1813 | G29: Novela | H29: Romance | I29: Primavera | J29: Canon: obra clave de la literatura | K29: Sí | M29: Leído
A30: 1 · Imprescindible | B30: 174 | C30: Rebecca | D30: Rebeca | E30: Daphne du Maurier | F30: 1938 | G30: Novela | H30: Gótico / suspense | I30: Otoño | J30: Canon: obra clave de la literatura
A31: 1 · Imprescindible | B31: 193 | C31: Slaughterhouse-Five | D31: Matadero cinco | E31: Kurt Vonnegut | F31: 1969 | G31: Novela | H31: Ciencia ficción / antibélica | I31: Invierno | J31: Canon: obra clave de la literatura
A32: 1 · Imprescindible | B32: 205 | C32: The Sun Also Rises | D32: Fiesta | E32: Ernest Hemingway | F32: 1926 | G32: Novela | H32: Generación perdida | I32: Verano | J32: Canon: obra clave de la literatura
A33: 1 · Imprescindible | B33: 206 | C33: Swann's Way | D33: Por el camino de Swann | E33: Marcel Proust | F33: 1913 | G33: Novela | H33: Modernismo | I33: Primavera | J33: Canon: obra clave de la literatura
A34: 1 · Imprescindible | B34: 217 | C34: The Bell Jar | D34: La campana de cristal | E34: Sylvia Plath | F34: 1963 | G34: Novela | H34: Autoficción | I34: Verano | J34: Canon: obra clave de la literatura | K34: Sí | M34: Pendiente · en casa
A35: 1 · Imprescindible | B35: 222 | C35: The Catcher in the Rye | D35: El guardián entre el centeno | E35: J. D. Salinger | F35: 1951 | G35: Novela | H35: Coming-of-age | I35: Invierno | J35: Canon: obra clave de la literatura | K35: Sí | L35: Leído | M35: Pendiente · le interesa
A36: 1 · Imprescindible | B36: 235 | C36: The Divine Comedy | D36: La Divina Comedia | E36: Dante Alighieri | F36: c. 1321 | G36: Poesía | H36: Épica / alegoría | I36: Primavera | J36: Incluye el Infierno (nº 112) | K36: Sí | M36: Pendiente · en casa
A37: 1 · Imprescindible | B37: 244 | C37: The God of Small Things | D37: El dios de las pequeñas cosas | E37: Arundhati Roy | F37: 1997 | G37: Novela | H37: Drama familiar | I37: Verano | J37: Canon: obra clave de la literatura
A38: 1 · Imprescindible | B38: 248 | C38: The Grapes of Wrath | D38: Las uvas de la ira | E38: John Steinbeck | F38: 1939 | G38: Novela | H38: Drama social | I38: Verano | J38: Canon: obra clave de la literatura | K38: Sí | M38: Pendiente · le interesa
A39: 1 · Imprescindible | B39: 249 | C39: The Great Gatsby | D39: El gran Gatsby | E39: F. Scott Fitzgerald | F39: 1925 | G39: Novela | H39: Clásico / era del jazz | I39: Verano | J39: Canon: obra clave de la literatura | K39: Sí | L39: Leído | M39: Pendiente · le interesa
A40: 1 · Imprescindible | B40: 253 | C40: The House of the Spirits | D40: La casa de los espíritus | E40: Isabel Allende | F40: 1982 | G40: Novela | H40: Realismo mágico | I40: Otoño | J40: Canon: obra clave de la literatura | K40: Sí | L40: Leído | M40: Releer
A41: 1 · Imprescindible | B41: 255 | C41: The Iliad | D41: La Ilíada | E41: Homero | F41: s. VIII a. C. (aprox.) | G41: Poesía | H41: Épica | I41: Otoño | J41: Canon: obra clave de la literatura | K41: Sí | L41: Leído | M41: Pendiente · en casa
A42: 1 · Imprescindible | B42: 269 | C42: The Master and Margarita | D42: El maestro y Margarita | E42: Mijaíl Bulgákov | F42: 1967 | G42: Novela | H42: Fantasía / sátira | I42: Primavera | J42: Canon: obra clave de la literatura
A43: 1 · Imprescindible | B43: 272 | C43: The Metamorphosis | D43: La metamorfosis | E43: Franz Kafka | F43: 1915 | G43: Novela corta | H43: Absurdo | I43: Invierno | J43: Breve: se lee en una tarde | K43: Sí | L43: Leído | M43: Pendiente · le interesa
A44: 1 · Imprescindible | B44: 276 | C44: The Name of the Rose | D44: El nombre de la rosa | E44: Umberto Eco | F44: 1980 | G44: Novela | H44: Misterio histórico | I44: Invierno | J44: Canon: obra clave de la literatura | K44: Sí | M44: Pendiente · le interesa
A45: 1 · Imprescindible | B45: 286 | C45: The Picture of Dorian Gray | D45: El retrato de Dorian Gray | E45: Oscar Wilde | F45: 1890 | G45: Novela | H45: Gótico / filosófica | I45: Verano | J45: Canon: obra clave de la literatura | K45: Sí | L45: Leído | M45: Pendiente · le interesa
A46: 1 · Imprescindible | B46: 306 | C46: The Sound and the Fury | D46: El ruido y la furia | E46: William Faulkner | F46: 1929 | G46: Novela | H46: Modernismo sureño | I46: Primavera | J46: Canon: obra clave de la literatura
A47: 1 · Imprescindible | B47: 310 | C47: The Trial | D47: El proceso | E47: Franz Kafka | F47: 1925 | G47: Novela | H47: Absurdo | I47: Invierno | J47: Canon: obra clave de la literatura
A48: 1 · Imprescindible | B48: 320 | C48: To Kill a Mockingbird | D48: Matar a un ruiseñor | E48: Harper Lee | F48: 1960 | G48: Novela | H48: Clásico / coming-of-age | I48: Verano | J48: Canon: obra clave de la literatura | K48: Sí | L48: Leído | M48: Pendiente · le interesa
A49: 1 · Imprescindible | B49: 332 | C49: War and Peace | D49: Guerra y paz | E49: León Tolstói | F49: 1869 | G49: Novela | H49: Histórica | I49: Invierno | J49: Canon: obra clave de la literatura | K49: Sí | M49: Pendiente · le interesa
A50: 1 · Imprescindible | B50: 337 | C50: Wuthering Heights | D50: Cumbres borrascosas | E50: Emily Brontë | F50: 1847 | G50: Novela | H50: Gótico / romance | I50: Invierno | J50: Canon: obra clave de la literatura | K50: Sí | M50: Leído
A51: 1 · Imprescindible | B51: 346 | C51: The Odyssey | D51: La Odisea | E51: Homero | F51: s. VIII a. C. (aprox.) | G51: Poesía | H51: Épica | I51: Verano | J51: Canon: obra clave de la literatura | K51: Sí | L51: Leído | M51: Pendiente · en casa
A52: 2 · Muy recomendable | B52: 3 | C52: A Christmas Carol | D52: Canción de Navidad | E52: Charles Dickens | F52: 1843 | G52: Novela corta | H52: Clásico navideño / fantasía | I52: Invierno | J52: Clásico o gran novela muy recomendable. Andrea lo quiere leer en diciembre | K52: Sí | L52: Leído | M52: Diciembre
A53: 2 · Muy recomendable | B53: 4 | C53: A Clockwork Orange | D53: La naranja mecánica | E53: Anthony Burgess | F53: 1962 | G53: Novela | H53: Distopía | I53: Otoño | J53: Clásico o gran novela muy recomendable | K53: Sí | M53: Pendiente · le interesa
A54: 2 · Muy recomendable | B54: 10 | C54: A Moveable Feast | D54: París era una fiesta | E54: Ernest Hemingway | F54: 1964 | G54: Memorias | H54: Memorias / París años 20 | I54: Primavera | J54: Clásico o gran novela muy recomendable
A55: 2 · Muy recomendable | B55: 11 | C55: A Passage to India | D55: Pasaje a la India | E55: E. M. Forster | F55: 1924 | G55: Novela | H55: Clásico / colonialismo | I55: Verano | J55: Clásico o gran novela muy recomendable
A56: 2 · Muy recomendable | B56: 14 | C56: A Room with a View | D56: Una habitación con vistas | E56: E. M. Forster | F56: 1908 | G56: Novela | H56: Romance / costumbres | I56: Primavera | J56: Clásico o gran novela muy recomendable
A57: 2 · Muy recomendable | B57: 16 | C57: A Streetcar Named Desire | D57: Un tranvía llamado deseo | E57: Tennessee Williams | F57: 1947 | G57: Teatro | H57: Drama | I57: Verano | J57: Clásico o gran novela muy recomendable
A58: 2 · Muy recomendable | B58: 17 | C58: A Tale of Two Cities | D58: Historia de dos ciudades | E58: Charles Dickens | F58: 1859 | G58: Novela | H58: Histórica | I58: Otoño | J58: Clásico o gran novela muy recomendable | K58: Sí | M58: Releer
A59: 2 · Muy recomendable | B59: 18 | C59: A Tree Grows in Brooklyn | D59: Un árbol crece en Brooklyn | E59: Betty Smith | F59: 1943 | G59: Novela | H59: Coming-of-age | I59: Verano | J59: Clásico o gran novela muy recomendable
A60: 2 · Muy recomendable | B60: 21 | C60: Angela's Ashes | D60: Las cenizas de Ángela | E60: Frank McCourt | F60: 1996 | G60: Memorias | H60: Memorias | I60: Invierno | J60: Clásico o gran novela muy recomendable
A61: 2 · Muy recomendable | B61: 23 | C61: The Diary of a Young Girl | D61: Diario de Ana Frank | E61: Anne Frank | F61: 1947 | G61: Diario | H61: Diario / Holocausto | I61: Invierno | J61: Breve y esencial | K61: Sí | M61: Pendiente · en casa
A62: 2 · Muy recomendable | B62: 26 | C62: Atonement | D62: Expiación | E62: Ian McEwan | F62: 2001 | G62: Novela | H62: Drama / histórica | I62: Verano | J62: Clásico o gran novela muy recomendable
A63: 2 · Muy recomendable | B63: 52 | C63: David Copperfield | E63: Charles Dickens | F63: 1850 | G63: Novela | H63: Bildungsroman | I63: Otoño | J63: Clásico o gran novela muy recomendable | K63: Sí | M63: Pendiente · le interesa
A64: 2 · Muy recomendable | B64: 53 | C64: Dead Souls | D64: Almas muertas | E64: Nikolái Gógol | F64: 1842 | G64: Novela | H64: Sátira | I64: Otoño | J64: Clásico o gran novela muy recomendable
A65: 2 · Muy recomendable | B65: 54 | C65: Death of a Salesman | D65: La muerte de un viajante | E65: Arthur Miller | F65: 1949 | G65: Teatro | H65: Drama | I65: Otoño | J65: Clásico o gran novela muy recomendable
A66: 2 · Muy recomendable | B66: 56 | C66: Demons | D66: Los demonios | E66: Fiódor Dostoievski | F66: 1872 | G66: Novela | H66: Política / psicológica | I66: Otoño | J66: Clásico o gran novela muy recomendable | K66: Sí | M66: Pendiente · le interesa
A67: 2 · Muy recomendable | B67: 58 | C67: Strange Case of Dr Jekyll and Mr Hyde | D67: El extraño caso del Dr. Jekyll y Mr. Hyde | E67: Robert Louis Stevenson | F67: 1886 | G67: Novela corta | H67: Gótico / terror | I67: Otoño | J67: Clásico o gran novela muy recomendable | K67: Sí | M67: Pendiente · le interesa
A68: 2 · Muy recomendable | B68: 65 | C68: Emma | E68: Jane Austen | F68: 1815 | G68: Novela | H68: Romance / costumbres | I68: Verano | J68: Clásico o gran novela muy recomendable | K68: Sí | M68: Pendiente · en casa
A69: 2 · Muy recomendable | B69: 68 | C69: Ethan Frome | E69: Edith Wharton | F69: 1911 | G69: Novela corta | H69: Drama | I69: Invierno | J69: Clásico o gran novela muy recomendable
A70: 2 · Muy recomendable | B70: 81 | C70: Flowers for Algernon | D70: Flores para Algernon | E70: Daniel Keyes | F70: 1966 | G70: Novela | H70: Ciencia ficción | I70: Primavera | J70: Clásico o gran novela muy recomendable | L70: Leído
A71: 2 · Muy recomendable | B71: 83 | C71: Franny and Zooey | D71: Franny y Zooey | E71: J. D. Salinger | F71: 1961 | G71: Novela | H71: Ficción literaria | I71: Otoño | J71: Clásico o gran novela muy recomendable
A72: 2 · Muy recomendable | B72: 124 | C72: Life of Pi | D72: Vida de Pi | E72: Yann Martel | F72: 2001 | G72: Novela | H72: Aventura / fantasía | I72: Verano | J72: Clásico o gran novela muy recomendable | K72: Sí | M72: Pendiente · le interesa
A73: 2 · Muy recomendable | B73: 126 | C73: Little Women | D73: Mujercitas | E73: Louisa May Alcott | F73: 1868 | G73: Novela | H73: Coming-of-age | I73: Invierno | J73: Clásico o gran novela muy recomendable | K73: Sí | M73: Leído
A74: 2 · Muy recomendable | B74: 136 | C74: Middlesex | E74: Jeffrey Eugenides | F74: 2002 | G74: Novela | H74: Saga familiar | I74: Verano | J74: Clásico o gran novela muy recomendable
A75: 2 · Muy recomendable | B75: 156 | C75: On the Road | D75: En el camino | E75: Jack Kerouac | F75: 1957 | G75: Novela | H75: Beat / viajes | I75: Verano | J75: Clásico o gran novela muy recomendable | L75: Leído
A76: 2 · Muy recomendable | B76: 160 | C76: Oryx and Crake | D76: Oryx y Crake | E76: Margaret Atwood | F76: 2003 | G76: Novela | H76: Ciencia ficción / distopía | I76: Verano | J76: Clásico o gran novela muy recomendable
A77: 2 · Muy recomendable | B77: 173 | C77: Reading Lolita in Tehran: A Memoir in Books | D77: Leer Lolita en Teherán | E77: Azar Nafisi | F77: 2003 | G77: Memorias | H77: Memorias / crítica literaria | I77: Otoño | J77: Libro sobre leer libros: encaja con el reto
A78: 2 · Muy recomendable | B78: 180 | C78: Romeo and Juliet | D78: Romeo y Julieta | E78: William Shakespeare | F78: c. 1595 | G78: Teatro | H78: Tragedia / romance | I78: Verano | J78: Clásico o gran novela muy recomendable | K78: Sí | M78: Releer
A79: 2 · Muy recomendable | B79: 189 | C79: Sense and Sensibility | D79: Sentido y sensibilidad | E79: Jane Austen | F79: 1811 | G79: Novela | H79: Romance | I79: Otoño | J79: Clásico o gran novela muy recomendable | K79: Sí | M79: Pendiente · le interesa
A80: 2 · Muy recomendable | B80: 192 | C80: Siddhartha | E80: Hermann Hesse | F80: 1922 | G80: Novela | H80: Filosófica / espiritual | I80: Primavera | J80: Clásico o gran novela muy recomendable | K80: Sí | L80: Leído | M80: Pendiente · le interesa
A81: 2 · Muy recomendable | B81: 201 | C81: Sophie's Choice | D81: La decisión de Sophie | E81: William Styron | F81: 1979 | G81: Novela | H81: Drama / Holocausto | I81: Verano | J81: Clásico o gran novela muy recomendable
A82: 2 · Muy recomendable | B82: 202 | C82: Speak, Memory | D82: Habla, memoria | E82: Vladimir Nabokov | F82: 1951 | G82: Memorias | H82: Memorias | I82: Verano | J82: Memorias con prosa de novelista
A83: 2 · Muy recomendable | B83: 209 | C83: Tender Is the Night | D83: Suave es la noche | E83: F. Scott Fitzgerald | F83: 1934 | G83: Novela | H83: Drama | I83: Verano | J83: Clásico o gran novela muy recomendable
A84: 2 · Muy recomendable | B84: 211 | C84: Adventures of Huckleberry Finn | D84: Las aventuras de Huckleberry Finn | E84: Mark Twain | F84: 1884 | G84: Novela | H84: Aventura | I84: Verano | J84: Clásico o gran novela muy recomendable
A85: 2 · Muy recomendable | B85: 212 | C85: The Amazing Adventures of Kavalier & Clay | D85: Las asombrosas aventuras de Kavalier y Clay | E85: Michael Chabon | F85: 2000 | G85: Novela | H85: Histórica | I85: Otoño | J85: Clásico o gran novela muy recomendable
A86: 2 · Muy recomendable | B86: 216 | C86: The Awakening | D86: El despertar | E86: Kate Chopin | F86: 1899 | G86: Novela | H86: Realismo / feminismo | I86: Verano | J86: Clásico o gran novela muy recomendable
A87: 2 · Muy recomendable | B87: 221 | C87: The Canterbury Tales | D87: Los cuentos de Canterbury | E87: Geoffrey Chaucer | F87: c. 1387–1400 | G87: Poesía / relatos | H87: Clásico medieval | I87: Primavera | J87: Clásico o gran novela muy recomendable
A88: 2 · Muy recomendable | B88: 228 | C88: The Count of Monte Cristo | D88: El conde de Montecristo | E88: Alexandre Dumas | F88: 1844 | G88: Novela | H88: Aventura | I88: Primavera | J88: Clásico o gran novela muy recomendable | K88: Sí | L88: Leído | M88: Pendiente · le interesa
A89: 2 · Muy recomendable | B89: 230 | C89: The Crucible | D89: Las brujas de Salem | E89: Arthur Miller | F89: 1953 | G89: Teatro | H89: Drama histórico | I89: Primavera | J89: Clásico o gran novela muy recomendable | K89: Sí | M89: Pendiente · le interesa
A90: 2 · Muy recomendable | B90: 239 | C90: The Fellowship of the Ring | D90: La Comunidad del Anillo | E90: J. R. R. Tolkien | F90: 1954 | G90: Novela | H90: Fantasía épica | I90: Otoño | J90: 1ª parte de El Señor de los Anillos | K90: Sí | L90: Leído | M90: Leído
A91: 2 · Muy recomendable | B91: 254 | C91: The Hunchback of Notre-Dame | D91: Nuestra Señora de París | E91: Victor Hugo | F91: 1831 | G91: Novela | H91: Histórica / romántica | I91: Invierno | J91: Clásico o gran novela muy recomendable | K91: Sí | L91: Leído | M91: Pendiente · le interesa
A92: 2 · Muy recomendable | B92: 260 | C92: The Kite Runner | D92: Cometas en el cielo | E92: Khaled Hosseini | F92: 2003 | G92: Novela | H92: Drama | I92: Invierno | J92: Clásico o gran novela muy recomendable
A93: 2 · Muy recomendable | B93: 298 | C93: The Scarlet Letter | D93: La letra escarlata | E93: Nathaniel Hawthorne | F93: 1850 | G93: Novela | H93: Romanticismo / histórica | I93: Otoño | J93: Clásico o gran novela muy recomendable
A94: 2 · Muy recomendable | B94: 299 | C94: The Second Sex | D94: El segundo sexo | E94: Simone de Beauvoir | F94: 1949 | G94: Ensayo | H94: Filosofía feminista | I94: Otoño | J94: Clásico o gran novela muy recomendable | K94: Sí | M94: Pendiente · le interesa
A95: 2 · Muy recomendable | B95: 301 | C95: The Shadow of the Wind | D95: La sombra del viento | E95: Carlos Ruiz Zafón | F95: 2001 | G95: Novela | H95: Misterio / gótico | I95: Otoño | J95: Muy popular en España; puede que ya lo conozcáis | K95: Sí | L95: Leído | M95: Leído
A96: 2 · Muy recomendable | B96: 314 | C96: The Virgin Suicides | D96: Las vírgenes suicidas | E96: Jeffrey Eugenides | F96: 1993 | G96: Novela | H96: Coming-of-age / drama | I96: Verano | J96: Clásico o gran novela muy recomendable
A97: 2 · Muy recomendable | B97: 316 | C97: The Year of Magical Thinking | D97: El año del pensamiento mágico | E97: Joan Didion | F97: 2005 | G97: Memorias | H97: Memorias / duelo | I97: Invierno | J97: Clásico o gran novela muy recomendable
A98: 2 · Muy recomendable | B98: 323 | C98: Ulysses | D98: Ulises | E98: James Joyce | F98: 1922 | G98: Novela | H98: Modernismo | I98: Verano | J98: Exigente, pero cumbre del modernismo
A99: 2 · Muy recomendable | B99: 329 | C99: Waiting for Godot | D99: Esperando a Godot | E99: Samuel Beckett | F99: 1952 | G99: Teatro | H99: Absurdo | I99: Otoño | J99: Clásico o gran novela muy recomendable | L99: Leído
A100: 2 · Muy recomendable | B100: 341 | C100: Othello | D100: Otelo | E100: William Shakespeare | F100: c. 1603 | G100: Teatro | H100: Tragedia | I100: Otoño | J100: Clásico o gran novela muy recomendable | K100: Sí | M100: Pendiente · le interesa
...

Sheet Lista
A1: Nº | B1: Obra | C1: Título en español | D1: Autor | E1: Año (1ª publ.) | F1: Tipo | G1: Género | H1: Estación | I1: País del autor | J1: Idioma original | K1: Premios destacados | L1: Notas / erratas del PDF | M1: Leído | N1: Nivel criba
A2: 1 | B2: 1984 | D2: George Orwell | E2: 1949 | F2: Novela | G2: Distopía | H2: Invierno | I2: Reino Unido | J2: Inglés | N2: 1 · Imprescindible
A3: 2 | B3: A Bolt from the Blue and Other Essays | D3: Mary McCarthy | E3: 2002 | F3: Ensayo | G3: Ensayo literario | H3: Otoño | I3: EE. UU. | J3: Inglés | L3: Recopilación póstuma | N3: 6 · Prescindible
A4: 3 | B4: A Christmas Carol | C4: Canción de Navidad | D4: Charles Dickens | E4: 1843 | F4: Novela corta | G4: Clásico navideño / fantasía | H4: Invierno | I4: Reino Unido | J4: Inglés | N4: 2 · Muy recomendable
A5: 4 | B5: A Clockwork Orange | C5: La naranja mecánica | D5: Anthony Burgess | E5: 1962 | F5: Novela | G5: Distopía | H5: Otoño | I5: Reino Unido | J5: Inglés | N5: 2 · Muy recomendable
A6: 5 | B6: The Comedy of Errors | C6: La comedia de las equivocaciones | D6: William Shakespeare | E6: c. 1594 | F6: Teatro | G6: Comedia | H6: Primavera | I6: Reino Unido | J6: Inglés | L6: En el PDF: "A Comedy of Errors" | N6: 4 · Interesante
A7: 6 | B7: A Confederacy of Dunces | C7: La conjura de los necios | D7: John Kennedy Toole | E7: 1980 | F7: Novela | G7: Comedia / sátira | H7: Verano | I7: EE. UU. | J7: Inglés | K7: Pulitzer de Ficción 1981 | L7: Publicada póstumamente | N7: 1 · Imprescindible
A8: 7 | B8: A Heartbreaking Work of Staggering Genius | C8: Una historia conmovedora, asombrosa y genial | D8: Dave Eggers | E8: 2000 | F8: Memorias | G8: Memorias | H8: Primavera | I8: EE. UU. | J8: Inglés | K8: Finalista Pulitzer 2001 | N8: 4 · Interesante
A9: 8 | B9: A Monetary History of the United States, 1867–1960 | D9: Milton Friedman y Anna J. Schwartz | E9: 1963 | F9: No ficción | G9: Economía | H9: Otoño | I9: EE. UU. | J9: Inglés | L9: El PDF omite a la coautora Anna Schwartz | N9: 7 · Descartable
A10: 9 | B10: A Month of Sundays: Searching for the Spirit and My Sister | D10: Julie Mars | E10: 2004 | F10: Memorias | G10: Memorias | H10: Otoño | I10: EE. UU. | J10: Inglés | N10: 6 · Prescindible
A11: 10 | B11: A Moveable Feast | C11: París era una fiesta | D11: Ernest Hemingway | E11: 1964 | F11: Memorias | G11: Memorias / París años 20 | H11: Primavera | I11: EE. UU. | J11: Inglés | L11: Publicada póstumamente | N11: 2 · Muy recomendable
A12: 11 | B12: A Passage to India | C12: Pasaje a la India | D12: E. M. Forster | E12: 1924 | F12: Novela | G12: Clásico / colonialismo | H12: Verano | I12: Reino Unido | J12: Inglés | N12: 2 · Muy recomendable
A13: 12 | B13: A Quiet Storm | D13: Rachel Howzell Hall | E13: 2002 | F13: Novela | G13: Drama familiar | H13: Otoño | I13: EE. UU. | J13: Inglés | N13: 6 · Prescindible
A14: 13 | B14: A Room of One's Own | C14: Una habitación propia | D14: Virginia Woolf | E14: 1929 | F14: Ensayo | G14: Ensayo feminista | H14: Otoño | I14: Reino Unido | J14: Inglés | N14: 1 · Imprescindible
A15: 14 | B15: A Room with a View | C15: Una habitación con vistas | D15: E. M. Forster | E15: 1908 | F15: Novela | G15: Romance / costumbres | H15: Primavera | I15: Reino Unido | J15: Inglés | N15: 2 · Muy recomendable
A16: 15 | B16: A Separate Peace | D16: John Knowles | E16: 1959 | F16: Novela | G16: Coming-of-age | H16: Verano | I16: EE. UU. | J16: Inglés | N16: 3 · Recomendable
A17: 16 | B17: A Streetcar Named Desire | C17: Un tranvía llamado deseo | D17: Tennessee Williams | E17: 1947 | F17: Teatro | G17: Drama | H17: Verano | I17: EE. UU. | J17: Inglés | K17: Pulitzer de Teatro 1948 | L17: En el PDF: "Desiree" | N17: 2 · Muy recomendable
A18: 17 | B18: A Tale of Two Cities | C18: Historia de dos ciudades | D18: Charles Dickens | E18: 1859 | F18: Novela | G18: Histórica | H18: Otoño | I18: Reino Unido | J18: Inglés | N18: 2 · Muy recomendable
A19: 18 | B19: A Tree Grows in Brooklyn | C19: Un árbol crece en Brooklyn | D19: Betty Smith | E19: 1943 | F19: Novela | G19: Coming-of-age | H19: Verano | I19: EE. UU. | J19: Inglés | N19: 2 · Muy recomendable
A20: 19 | B20: Alice's Adventures in Wonderland | C20: Alicia en el país de las maravillas | D20: Lewis Carroll | E20: 1865 | F20: Infantil | G20: Fantasía | H20: Primavera | I20: Reino Unido | J20: Inglés | N20: 3 · Recomendable
A21: 20 | B21: An American Tragedy | C21: Una tragedia americana | D21: Theodore Dreiser | E21: 1925 | F21: Novela | G21: Drama / crimen | H21: Verano | I21: EE. UU. | J21: Inglés | N21: 3 · Recomendable
A22: 21 | B22: Angela's Ashes | C22: Las cenizas de Ángela | D22: Frank McCourt | E22: 1996 | F22: Memorias | G22: Memorias | H22: Invierno | I22: Irlanda / EE. UU. | J22: Inglés | K22: Pulitzer de Biografía 1997 | N22: 2 · Muy recomendable
A23: 22 | B23: Anna Karenina | C23: Ana Karenina | D23: León Tolstói | E23: 1878 | F23: Novela | G23: Clásico / drama romántico | H23: Invierno | I23: Rusia | J23: Ruso | N23: 1 · Imprescindible
A24: 23 | B24: The Diary of a Young Girl | C24: Diario de Ana Frank | D24: Anne Frank | E24: 1947 | F24: Diario | G24: Diario / Holocausto | H24: Invierno | I24: Alemania / Países Bajos | J24: Neerlandés | N24: 2 · Muy recomendable
A25: 24 | B25: The Archidamian War | D25: Donald Kagan | E25: 1974 | F25: Historia | G25: Historia antigua | H25: Otoño | I25: EE. UU. | J25: Inglés | L25: 2º de sus 4 volúmenes sobre la Guerra del Peloponeso (ver 238, 282, 284) | N25: 7 · Descartable
A26: 25 | B26: As I Lay Dying | C26: Mientras agonizo | D26: William Faulkner | E26: 1930 | F26: Novela | G26: Modernismo / gótico sureño | H26: Verano | I26: EE. UU. | J26: Inglés | N26: 1 · Imprescindible
A27: 26 | B27: Atonement | C27: Expiación | D27: Ian McEwan | E27: 2001 | F27: Novela | G27: Drama / histórica | H27: Verano | I27: Reino Unido | J27: Inglés | K27: Finalista Booker 2001 | N27: 2 · Muy recomendable
A28: 27 | B28: Autobiography of a Face | D28: Lucy Grealy | E28: 1994 | F28: Memorias | G28: Memorias | H28: Otoño | I28: EE. UU. / Irlanda | J28: Inglés | N28: 4 · Interesante
A29: 28 | B29: Babe: The Gallant Pig | C29: Babe, el cerdito valiente | D29: Dick King-Smith | E29: 1983 | F29: Infantil | G29: Infantil | H29: Primavera | I29: Reino Unido | J29: Inglés | L29: Título original en UK: "The Sheep-Pig" | N29: 6 · Prescindible
A30: 29 | B30: Backlash: The Undeclared War Against American Women | C30: Reacción: la guerra no declarada contra la mujer moderna | D30: Susan Faludi | E30: 1991 | F30: Ensayo | G30: Ensayo feminista | H30: Otoño | I30: EE. UU. | J30: Inglés | K30: National Book Critics Circle 1991 | N30: 5 · Si os apetece
A31: 30 | B31: Balzac and the Little Chinese Seamstress | C31: Balzac y la joven costurera china | D31: Dai Sijie | E31: 2000 | F31: Novela | G31: Histórica | H31: Primavera | I31: China / Francia | J31: Francés | N31: 3 · Recomendable
A32: 31 | B32: Bel Canto | C32: Bel canto | D32: Ann Patchett | E32: 2001 | F32: Novela | G32: Drama | H32: Verano | I32: EE. UU. | J32: Inglés | K32: Orange Prize 2002; PEN/Faulkner 2002 | N32: 3 · Recomendable
A33: 32 | B33: Beloved | D33: Toni Morrison | E33: 1987 | F33: Novela | G33: Histórica / gótico | H33: Invierno | I33: EE. UU. | J33: Inglés | K33: Pulitzer de Ficción 1988 | N33: 1 · Imprescindible
A34: 33 | B34: Beowulf: A New Verse Translation | C34: Beowulf | D34: Anónimo (trad. Seamus Heaney) | E34: 1999 | F34: Poesía | G34: Épica | H34: Invierno | I34: Inglaterra (anónimo) / Irlanda (trad.) | J34: Inglés antiguo | K34: Whitbread Book of the Year 1999 (trad.) | L34: Original anónimo, entre los s. VIII y XI; el año es el de la traducción | N34: 3 · Recomendable
A35: 34 | B35: Bitch: In Praise of Difficult Women | D35: Elizabeth Wurtzel | E35: 1998 | F35: Ensayo | G35: Ensayo feminista | H35: Otoño | I35: EE. UU. | J35: Inglés | N35: 5 · Si os apetece
A36: 35 | B36: Brave New World | C36: Un mundo feliz | D36: Aldous Huxley | E36: 1932 | F36: Novela | G36: Distopía | H36: Primavera | I36: Reino Unido | J36: Inglés | N36: 1 · Imprescindible
A37: 36 | B37: Brick Lane | D37: Monica Ali | E37: 2003 | F37: Novela | G37: Ficción contemporánea | H37: Verano | I37: Reino Unido / Bangladés | J37: Inglés | K37: Finalista Booker 2003 | N37: 3 · Recomendable
A38: 37 | B38: Brigadoon | D38: Alan Jay Lerner (libreto) y Frederick Loewe (música) | E38: 1947 | F38: Teatro (musical) | G38: Musical / fantasía | H38: Primavera | I38: EE. UU. | J38: Inglés | L38: En el PDF: "Bridgadoon" | N38: 7 · Descartable
A39: 38 | B39: Candide | C39: Cándido, o el optimismo | D39: Voltaire | E39: 1759 | F39: Novela | G39: Sátira filosófica | H39: Primavera | I39: Francia | J39: Francés | N39: 1 · Imprescindible
A40: 39 | B40: Carrie | D40: Stephen King | E40: 1974 | F40: Novela | G40: Terror | H40: Primavera | I40: EE. UU. | J40: Inglés | L40: Primera novela publicada de King | N40: 4 · Interesante
A41: 40 | B41: Catch-22 | C41: Trampa 22 | D41: Joseph Heller | E41: 1961 | F41: Novela | G41: Sátira bélica | H41: Verano | I41: EE. UU. | J41: Inglés | N41: 1 · Imprescindible
A42: 41 | B42: Charlie and the Chocolate Factory | C42: Charlie y la fábrica de chocolate | D42: Roald Dahl | E42: 1964 | F42: Infantil | G42: Fantasía | H42: Invierno | I42: Reino Unido | J42: Inglés | L42: El PDF no indica autor | N42: 5 · Si os apetece
A43: 42 | B43: Charlotte's Web | C43: La telaraña de Carlota | D43: E. B. White | E43: 1952 | F43: Infantil | G43: Infantil | H43: Verano | I43: EE. UU. | J43: Inglés | K43: Newbery Honor 1953 | N43: 5 · Si os apetece
A44: 43 | B44: Christine | D44: Stephen King | E44: 1983 | F44: Novela | G44: Terror | H44: Otoño | I44: EE. UU. | J44: Inglés | N44: 5 · Si os apetece
A45: 44 | B45: Complete Novels | D45: Dawn Powell | E45: 2001 | F45: Novela (recopilación) | G45: Sátira | H45: Otoño | I45: EE. UU. | J45: Inglés | L45: No existe un único volumen con ese título: la Library of America editó sus novelas en 2 tomos (2001). Ver nº 153 | N45: 6 · Prescindible
A46: 45 | B46: Complete Stories | D46: Dorothy Parker | E46: 1995 | F46: Relatos | G46: Relatos / humor | H46: Otoño | I46: EE. UU. | J46: Inglés | L46: Recopilación de Penguin | N46: 4 · Interesante
A47: 46 | B47: Cousin Bette | C47: La prima Bette | D47: Honoré de Balzac | E47: 1846 | F47: Novela | G47: Realismo | H47: Otoño | I47: Francia | J47: Francés | L47: En el PDF: "Honor'e" | N47: 3 · Recomendable
A48: 47 | B48: Crime and Punishment | C48: Crimen y castigo | D48: Fiódor Dostoievski | E48: 1866 | F48: Novela | G48: Psicológica | H48: Verano | I48: Rusia | J48: Ruso | L48: Transcurre en un julio asfixiante en San Petersburgo | N48: 1 · Imprescindible
A49: 48 | B49: Cujo | D49: Stephen King | E49: 1981 | F49: Novela | G49: Terror | H49: Verano | I49: EE. UU. | J49: Inglés | N49: 5 · Si os apetece
A50: 49 | B50: Daisy Miller | D50: Henry James | E50: 1878 | F50: Novela corta | G50: Costumbres | H50: Primavera | I50: EE. UU. / Reino Unido | J50: Inglés | N50: 3 · Recomendable
A51: 50 | B51: Daughter of Fortune | C51: Hija de la fortuna | D51: Isabel Allende | E51: 1999 | F51: Novela | G51: Histórica | H51: Primavera | I51: Chile | J51: Español | N51: 3 · Recomendable
A52: 51 | B52: David and Lisa | D52: Theodore Isaac Rubin | E52: 1961 | F52: Novela | G52: Psicológica | H52: Invierno | I52: EE. UU. | J52: Inglés | N52: 6 · Prescindible
A53: 52 | B53: David Copperfield | D53: Charles Dickens | E53: 1850 | F53: Novela | G53: Bildungsroman | H53: Otoño | I53: Reino Unido | J53: Inglés | N53: 2 · Muy recomendable
A54: 53 | B54: Dead Souls | C54: Almas muertas | D54: Nikolái Gógol | E54: 1842 | F54: Novela | G54: Sátira | H54: Otoño | I54: Rusia (nacido en Ucrania) | J54: Ruso | N54: 2 · Muy recomendable
A55: 54 | B55: Death of a Salesman | C55: La muerte de un viajante | D55: Arthur Miller | E55: 1949 | F55: Teatro | G55: Drama | H55: Otoño | I55: EE. UU. | J55: Inglés | K55: Pulitzer de Teatro 1949 | N55: 2 · Muy recomendable
A56: 55 | B56: Deenie | D56: Judy Blume | E56: 1973 | F56: Novela juvenil | G56: Juvenil | H56: Otoño | I56: EE. UU. | J56: Inglés | N56: 6 · Prescindible
A57: 56 | B57: Demons | C57: Los demonios | D57: Fiódor Dostoievski | E57: 1872 | F57: Novela | G57: Política / psicológica | H57: Otoño | I57: Rusia | J57: Ruso | L57: También traducida como "Los endemoniados" | N57: 2 · Muy recomendable
A58: 57 | B58: Don Quixote | C58: Don Quijote de la Mancha | D58: Miguel de Cervantes | E58: 1605–1615 | F58: Novela | G58: Clásico / parodia caballeresca | H58: Verano | I58: España | J58: Español | L58: La primera salida de don Quijote es en julio | N58: 1 · Imprescindible
A59: 58 | B59: Strange Case of Dr Jekyll and Mr Hyde | C59: El extraño caso del Dr. Jekyll y Mr. Hyde | D59: Robert Louis Stevenson | E59: 1886 | F59: Novela corta | G59: Gótico / terror | H59: Otoño | I59: Reino Unido | J59: Inglés | N59: 2 · Muy recomendable
A60: 59 | B60: Driving Miss Daisy | C60: Paseando a Miss Daisy | D60: Alfred Uhry | E60: 1987 | F60: Teatro | G60: Drama | H60: Primavera | I60: EE. UU. | J60: Inglés | K60: Pulitzer de Teatro 1988 | L60: En el PDF: "Uhrv" | N60: 5 · Si os apetece
A61: 60 | B61: Complete Tales & Poems | D61: Edgar Allan Poe | E61: 1827–1849 | F61: Relatos y poesía | G61: Terror / gótico | H61: Otoño | I61: EE. UU. | J61: Inglés | L61: Recopilación; fechas de escritura de los originales | N61: 6 · Prescindible
A62: 61 | B62: Eleanor Roosevelt | D62: Blanche Wiesen Cook | E62: 1992 | F62: Biografía | G62: Biografía | H62: Otoño | I62: EE. UU. | J62: Inglés | L62: Biografía en 3 volúmenes (1992, 1999, 2016) | N62: 7 · Descartable
A63: 62 | B63: Ella Minnow Pea: A Novel in Letters | C63: Ella Minnow Pea | D63: Mark Dunn | E63: 2001 | F63: Novela | G63: Epistolar / sátira | H63: Primavera | I63: EE. UU. | J63: Inglés | N63: 4 · Interesante
A64: 63 | B64: Eloise | D64: Kay Thompson (ilustr. Hilary Knight) | E64: 1955 | F64: Infantil | G64: Álbum ilustrado | H64: Invierno | I64: EE. UU. | J64: Inglés | N64: 6 · Prescindible
A65: 64 | B65: Emily the Strange | D65: Rob Reger y Buzz Parker | E65: 2001 | F65: Libro ilustrado | G65: Humor gótico | H65: Otoño | I65: EE. UU. | J65: Inglés | L65: En el PDF: "Roger Reger" | N65: 7 · Descartable
A66: 65 | B66: Emma | D66: Jane Austen | E66: 1815 | F66: Novela | G66: Romance / costumbres | H66: Verano | I66: Reino Unido | J66: Inglés | N66: 2 · Muy recomendable
A67: 66 | B67: Empire Falls | D67: Richard Russo | E67: 2001 | F67: Novela | G67: Ficción contemporánea | H67: Otoño | I67: EE. UU. | J67: Inglés | K67: Pulitzer de Ficción 2002 | N67: 4 · Interesante
A68: 67 | B68: Encyclopedia Brown, Boy Detective | D68: Donald J. Sobol | E68: 1963 | F68: Infantil | G68: Misterio | H68: Verano | I68: EE. UU. | J68: Inglés | N68: 7 · Descartable
A69: 68 | B69: Ethan Frome | D69: Edith Wharton | E69: 1911 | F69: Novela corta | G69: Drama | H69: Invierno | I69: EE. UU. | J69: Inglés | N69: 2 · Muy recomendable
A70: 69 | B70: Ethics | C70: Ética | D70: Baruch Spinoza | E70: 1677 | F70: Filosofía | G70: Filosofía | H70: Invierno | I70: Países Bajos | J70: Latín | L70: Publicada póstumamente | N70: 5 · Si os apetece
A71: 70 | B71: Europe Through the Back Door 2003 | D71: Rick Steves | E71: 2003 | F71: Guía | G71: Guía de viajes | H71: Verano | I71: EE. UU. | J71: Inglés | L71: Edición anual | N71: 7 · Descartable
A72: 71 | B72: Eva Luna | D72: Isabel Allende | E72: 1987 | F72: Novela | G72: Realismo mágico | H72: Verano | I72: Chile | J72: Español | N72: 4 · Interesante
A73: 72 | B73: Everything Is Illuminated | C73: Todo está iluminado | D73: Jonathan Safran Foer | E73: 2002 | F73: Novela | G73: Ficción contemporánea | H73: Verano | I73: EE. UU. | J73: Inglés | N73: 3 · Recomendable
A74: 73 | B74: Extravagance | D74: Gary Krist | E74: 2002 | F74: Novela | G74: Histórica / sátira | H74: Primavera | I74: EE. UU. | J74: Inglés | N74: 6 · Prescindible
A75: 74 | B75: Fahrenheit 451 | D75: Ray Bradbury | E75: 1953 | F75: Novela | G75: Distopía / ciencia ficción | H75: Otoño | I75: EE. UU. | J75: Inglés | N75: 1 · Imprescindible
A76: 75 | B76: Fahrenheit 9/11 | D76: Michael Moore | E76: 2004 | F76: Documental | G76: Documental político | H76: Verano | I76: EE. UU. | J76: Inglés | K76: Palma de Oro Cannes 2004 | L76: Es una película documental; existe el libro "The Official Fahrenheit 9/11 Reader" (2004) | N76: 7 · Descartable
A77: 76 | B77: Fat Land: How Americans Became the Fattest People in the World | D77: Greg Critser | E77: 2003 | F77: No ficción | G77: Salud / sociedad | H77: Verano | I77: EE. UU. | J77: Inglés | N77: 7 · Descartable
A78: 77 | B78: Fear and Loathing in Las Vegas | C78: Miedo y asco en Las Vegas | D78: Hunter S. Thompson | E78: 1971 | F78: Novela | G78: Periodismo gonzo | H78: Verano | I78: EE. UU. | J78: Inglés | N78: 3 · Recomendable
A79: 78 | B79: Fiddler on the Roof | C79: El violinista en el tejado | D79: Joseph Stein (libreto), Jerry Bock y Sheldon Harnick | E79: 1964 | F79: Teatro (musical) | G79: Musical | H79: Primavera | I79: EE. UU. | J79: Inglés | K79: Tony al Mejor Musical 1965 | N79: 6 · Prescindible
A80: 79 | B80: Finnegans Wake | D80: James Joyce | E80: 1939 | F80: Novela | G80: Modernismo experimental | H80: Invierno | I80: Irlanda | J80: Inglés | L80: El título real no lleva apóstrofo | N80: 5 · Si os apetece
A81: 80 | B81: Fletch | D81: Gregory Mcdonald | E81: 1974 | F81: Novela | G81: Misterio / humor | H81: Verano | I81: EE. UU. | J81: Inglés | K81: Edgar a la Mejor Primera Novela 1975 | N81: 6 · Prescindible
A82: 81 | B82: Flowers for Algernon | C82: Flores para Algernon | D82: Daniel Keyes | E82: 1966 | F82: Novela | G82: Ciencia ficción | H82: Primavera | I82: EE. UU. | J82: Inglés | K82: Nebula 1966 (novela); Hugo 1960 (relato) | L82: Ampliación del relato de 1959 | N82: 2 · Muy recomendable
A83: 82 | B83: Frankenstein | C83: Frankenstein o el moderno Prometeo | D83: Mary Shelley | E83: 1818 | F83: Novela | G83: Gótico / ciencia ficción | H83: Invierno | I83: Reino Unido | J83: Inglés | N83: 1 · Imprescindible
A84: 83 | B84: Franny and Zooey | C84: Franny y Zooey | D84: J. D. Salinger | E84: 1961 | F84: Novela | G84: Ficción literaria | H84: Otoño | I84: EE. UU. | J84: Inglés | N84: 2 · Muy recomendable
A85: 84 | B85: Freaky Friday | D85: Mary Rodgers | E85: 1972 | F85: Novela juvenil | G85: Comedia fantástica | H85: Primavera | I85: EE. UU. | J85: Inglés | N85: 6 · Prescindible
A86: 85 | B86: Galápagos | D86: Kurt Vonnegut | E86: 1985 | F86: Novela | G86: Ciencia ficción satírica | H86: Verano | I86: EE. UU. | J86: Inglés | N86: 4 · Interesante
A87: 86 | B87: Gender Trouble | C87: El género en disputa | D87: Judith Butler | E87: 1990 | F87: Ensayo | G87: Teoría feminista / filosofía | H87: Otoño | I87: EE. UU. | J87: Inglés | N87: 5 · Si os apetece
A88: 87 | B88: George W. Bushisms: The Slate Book of the Accidental Wit and Wisdom of Our 43rd President | D88: Jacob Weisberg | E88: 2001 | F88: Humor | G88: Humor político | H88: Otoño | I88: EE. UU. | J88: Inglés | L88: Título y autor cortados en el PDF | N88: 7 · Descartable
A89: 88 | B89: Gidget | D89: Frederick Kohner | E89: 1957 | F89: Novela | G89: Juvenil / surf | H89: Verano | I89: Checoslovaquia / EE. UU. | J89: Inglés | L89: En el PDF: "Fredrick" | N89: 6 · Prescindible
A90: 89 | B90: Girl, Interrupted | C90: Inocencia interrumpida | D90: Susanna Kaysen | E90: 1993 | F90: Memorias | G90: Memorias | H90: Invierno | I90: EE. UU. | J90: Inglés | N90: 3 · Recomendable
A91: 90 | B91: Goldilocks and the Three Bears | C91: Ricitos de Oro y los tres osos | D91: Alvin Granowsky (adaptación) | E91: Tradicional | F91: Cuento | G91: Cuento popular | H91: Otoño | I91: Reino Unido (tradicional) | J91: Inglés | L91: Cuento popular; primera versión impresa de Robert Southey (1837) | N91: 7 · Descartable
A92: 91 | B92: Gone with the Wind | C92: Lo que el viento se llevó | D92: Margaret Mitchell | E92: 1936 | F92: Novela | G92: Histórica / romance | H92: Primavera | I92: EE. UU. | J92: Inglés | K92: Pulitzer de Ficción 1937 | N92: 3 · Recomendable
A93: 92 | B93: Great Expectations | C93: Grandes esperanzas | D93: Charles Dickens | E93: 1861 | F93: Novela | G93: Bildungsroman | H93: Invierno | I93: Reino Unido | J93: Inglés | L93: Empieza en Nochebuena | N93: 1 · Imprescindible
A94: 93 | B94: Hamlet | D94: William Shakespeare | E94: c. 1600 | F94: Teatro | G94: Tragedia | H94: Invierno | I94: Reino Unido | J94: Inglés | N94: 1 · Imprescindible
A95: 94 | B95: Harold and the Purple Crayon | D95: Crockett Johnson | E95: 1955 | F95: Infantil | G95: Álbum ilustrado | H95: Primavera | I95: EE. UU. | J95: Inglés | L95: El PDF no indica autor | N95: 7 · Descartable
A96: 95 | B96: Harry Potter and the Goblet of Fire | C96: Harry Potter y el cáliz de fuego | D96: J. K. Rowling | E96: 2000 | F96: Novela | G96: Fantasía | H96: Otoño | I96: Reino Unido | J96: Inglés | K96: Hugo 2001 | N96: 4 · Interesante
A97: 96 | B97: Harry Potter and the Sorcerer's Stone | C97: Harry Potter y la piedra filosofal | D97: J. K. Rowling | E97: 1997 | F97: Novela | G97: Fantasía | H97: Otoño | I97: Reino Unido | J97: Inglés | L97: Título británico: "Philosopher's Stone" | N97: 4 · Interesante
A98: 97 | B98: He's Just Not That Into You | D98: Greg Behrendt y Liz Tuccillo | E98: 2004 | F98: No ficción | G98: Autoayuda / relaciones | H98: Primavera | I98: EE. UU. | J98: Inglés | L98: El PDF no indica autor | N98: 7 · Descartable
A99: 98 | B99: Heart of Darkness | C99: El corazón de las tinieblas | D99: Joseph Conrad | E99: 1899 | F99: Novela corta | G99: Clásico / colonialismo | H99: Verano | I99: Reino Unido (nacido en Polonia) | J99: Inglés | N99: 1 · Imprescindible
A100: 99 | B100: Helter Skelter: The True Story of the Manson Murders | C100: Helter Skelter | D100: Vincent Bugliosi y Curt Gentry | E100: 1974 | F100: No ficción | G100: True crime | H100: Verano | I100: EE. UU. | J100: Inglés | K100: Edgar al Mejor True Crime 1975 | N100: 5 · Si os apetece
...

Sheet Resumen
A1: Rory Gilmore Reading Challenge · resumen
A3: Estación | B3: Obras | C3: Leídas | D3: % del total
A4: Primavera | B4: =COUNTIF(Lista!$H$2:$H$352,A4) -> 69 | C4: =COUNTIFS(Lista!$H$2:$H$352,A4,Lista!$M$2:$M$352,"Sí") -> 0 | D4: =B4/$B$8 -> 0.1965812
A5: Verano | B5: =COUNTIF(Lista!$H$2:$H$352,A5) -> 108 | C5: =COUNTIFS(Lista!$H$2:$H$352,A5,Lista!$M$2:$M$352,"Sí") -> 0 | D5: =B5/$B$8 -> 0.30769231
A6: Otoño | B6: =COUNTIF(Lista!$H$2:$H$352,A6) -> 108 | C6: =COUNTIFS(Lista!$H$2:$H$352,A6,Lista!$M$2:$M$352,"Sí") -> 0 | D6: =B6/$B$8 -> 0.30769231
A7: Invierno | B7: =COUNTIF(Lista!$H$2:$H$352,A7) -> 66 | C7: =COUNTIFS(Lista!$H$2:$H$352,A7,Lista!$M$2:$M$352,"Sí") -> 0 | D7: =B7/$B$8 -> 0.18803419
A8: Total | B8: =SUM(B4:B7) -> 351 | C8: =SUM(C4:C7) -> 0 | D8: =SUM(D4:D7) -> 1
A10: Tipo | B10: Obras | C10: Leídas
A11: Novela | B11: =COUNTIF(Lista!$F$2:$F$352,A11) -> 169 | C11: =COUNTIFS(Lista!$F$2:$F$352,A11,Lista!$M$2:$M$352,"Sí") -> 0
A12: Memorias | B12: =COUNTIF(Lista!$F$2:$F$352,A12) -> 27 | C12: =COUNTIFS(Lista!$F$2:$F$352,A12,Lista!$M$2:$M$352,"Sí") -> 0
A13: No ficción | B13: =COUNTIF(Lista!$F$2:$F$352,A13) -> 24 | C13: =COUNTIFS(Lista!$F$2:$F$352,A13,Lista!$M$2:$M$352,"Sí") -> 0
A14: Teatro | B14: =COUNTIF(Lista!$F$2:$F$352,A14) -> 21 | C14: =COUNTIFS(Lista!$F$2:$F$352,A14,Lista!$M$2:$M$352,"Sí") -> 0
A15: Ensayo | B15: =COUNTIF(Lista!$F$2:$F$352,A15) -> 17 | C15: =COUNTIFS(Lista!$F$2:$F$352,A15,Lista!$M$2:$M$352,"Sí") -> 0
A16: Infantil | B16: =COUNTIF(Lista!$F$2:$F$352,A16) -> 14 | C16: =COUNTIFS(Lista!$F$2:$F$352,A16,Lista!$M$2:$M$352,"Sí") -> 0
A17: Poesía | B17: =COUNTIF(Lista!$F$2:$F$352,A17) -> 13 | C17: =COUNTIFS(Lista!$F$2:$F$352,A17,Lista!$M$2:$M$352,"Sí") -> 0
A18: Novela corta | B18: =COUNTIF(Lista!$F$2:$F$352,A18) -> 8 | C18: =COUNTIFS(Lista!$F$2:$F$352,A18,Lista!$M$2:$M$352,"Sí") -> 0
A19: Relatos | B19: =COUNTIF(Lista!$F$2:$F$352,A19) -> 7 | C19: =COUNTIFS(Lista!$F$2:$F$352,A19,Lista!$M$2:$M$352,"Sí") -> 0
A20: Biografía | B20: =COUNTIF(Lista!$F$2:$F$352,A20) -> 6 | C20: =COUNTIFS(Lista!$F$2:$F$352,A20,Lista!$M$2:$M$352,"Sí") -> 0
A21: Historia | B21: =COUNTIF(Lista!$F$2:$F$352,A21) -> 6 | C21: =COUNTIFS(Lista!$F$2:$F$352,A21,Lista!$M$2:$M$352,"Sí") -> 0
A22: Cuento | B22: =COUNTIF(Lista!$F$2:$F$352,A22) -> 4 | C22: =COUNTIFS(Lista!$F$2:$F$352,A22,Lista!$M$2:$M$352,"Sí") -> 0
... A40: Poesía / relatos | B40: =COUNTIF(Lista!$F$2:$F$352,A40) -> 1 | C40: =COUNTIFS(Lista!$F$2:$F$352,A40,Lista!$M$2:$M$352,"Sí") -> 0
A42: Progreso total | B42: =COUNTIF(Lista!$M$2:$M$352,"Sí")&" / "&COUNTA(Lista!$A$2:$A$352) -> 0 / 351
A44: Notas
A45: Datos del PDF de The Gilmore Book Club (351 entradas). Títulos y autores corregidos; la errata original queda en la columna Notas.
A46: Año = primera publicación del original (para traducciones, antologías o guías, el de esa edición). 'c.' = fecha aproximada.
A47: Título en español solo cuando existe una edición española conocida; si está vacío, no se ha podido confirmar.
A48: Estación = la que mejor le pega a cada obra por ambientación o tono. Es subjetiva y está pensada para repartir después.
A49: Columna Leído: desplegable Sí / No / Leyendo. Alimenta los contadores de esta hoja.
A50: Ojo: 225 y 226 son el mismo libro; 112 (Inferno) forma parte de 235 (La Divina Comedia).
A52: Criba por nivel
A53: Nivel | B53: Obras | C53: Sí | D53: Quizá | E53: No | F53: Sin decidir
A54: 1 · Imprescindible | B54: =COUNTIF(Criba!$A$2:$A$352,A54) -> 50 | C54: =COUNTIFS(Criba!$A$2:$A$352,$A54,Criba!$K$2:$K$352,"Sí") -> 33 | D54: =COUNTIFS(Criba!$A$2:$A$352,$A54,Criba!$K$2:$K$352,"Quizá") -> 0 | E54: =COUNTIFS(Criba!$A$2:$A$352,$A54,Criba!$K$2:$K$352,"No") -> 0 | F54: =B54-C54-D54-E54 -> 17
A55: 2 · Muy recomendable | B55: =COUNTIF(Criba!$A$2:$A$352,A55) -> 50 | C55: =COUNTIFS(Criba!$A$2:$A$352,$A55,Criba!$K$2:$K$352,"Sí") -> 20 | D55: =COUNTIFS(Criba!$A$2:$A$352,$A55,Criba!$K$2:$K$352,"Quizá") -> 0 | E55: =COUNTIFS(Criba!$A$2:$A$352,$A55,Criba!$K$2:$K$352,"No") -> 0 | F55: =B55-C55-D55-E55 -> 30
A56: 3 · Recomendable | B56: =COUNTIF(Criba!$A$2:$A$352,A56) -> 50 | C56: =COUNTIFS(Criba!$A$2:$A$352,$A56,Criba!$K$2:$K$352,"Sí") -> 12 | D56: =COUNTIFS(Criba!$A$2:$A$352,$A56,Criba!$K$2:$K$352,"Quizá") -> 0 | E56: =COUNTIFS(Criba!$A$2:$A$352,$A56,Criba!$K$2:$K$352,"No") -> 0 | F56: =B56-C56-D56-E56 -> 38
A57: 4 · Interesante | B57: =COUNTIF(Criba!$A$2:$A$352,A57) -> 50 | C57: =COUNTIFS(Criba!$A$2:$A$352,$A57,Criba!$K$2:$K$352,"Sí") -> 4 | D57: =COUNTIFS(Criba!$A$2:$A$352,$A57,Criba!$K$2:$K$352,"Quizá") -> 0 | E57: =COUNTIFS(Criba!$A$2:$A$352,$A57,Criba!$K$2:$K$352,"No") -> 0 | F57: =B57-C57-D57-E57 -> 46
A58: 5 · Si os apetece | B58: =COUNTIF(Criba!$A$2:$A$352,A58) -> 50 | C58: =COUNTIFS(Criba!$A$2:$A$352,$A58,Criba!$K$2:$K$352,"Sí") -> 5 | D58: =COUNTIFS(Criba!$A$2:$A$352,$A58,Criba!$K$2:$K$352,"Quizá") -> 0 | E58: =COUNTIFS(Criba!$A$2:$A$352,$A58,Criba!$K$2:$K$352,"No") -> 0 | F58: =B58-C58-D58-E58 -> 45
A59: 6 · Prescindible | B59: =COUNTIF(Criba!$A$2:$A$352,A59) -> 50 | C59: =COUNTIFS(Criba!$A$2:$A$352,$A59,Criba!$K$2:$K$352,"Sí") -> 2 | D59: =COUNTIFS(Criba!$A$2:$A$352,$A59,Criba!$K$2:$K$352,"Quizá") -> 0 | E59: =COUNTIFS(Criba!$A$2:$A$352,$A59,Criba!$K$2:$K$352,"No") -> 0 | F59: =B59-C59-D59-E59 -> 48
A60: 7 · Descartable | B60: =COUNTIF(Criba!$A$2:$A$352,A60) -> 51 | C60: =COUNTIFS(Criba!$A$2:$A$352,$A60,Criba!$K$2:$K$352,"Sí") -> 0 | D60: =COUNTIFS(Criba!$A$2:$A$352,$A60,Criba!$K$2:$K$352,"Quizá") -> 0 | E60: =COUNTIFS(Criba!$A$2:$A$352,$A60,Criba!$K$2:$K$352,"No") -> 0 | F60: =B60-C60-D60-E60 -> 51
A61: Total | B61: =SUM(B54:B60) -> 351 | C61: =SUM(C54:C60) -> 76 | D61: =SUM(D54:D60) -> 0 | E61: =SUM(E54:E60) -> 0 | F61: =SUM(F54:F60) -> 275
